{"cameraMode":{"drawMode":0,"name":"Shaded","section":"Shading Mode"},"sceneLighting":false,"audioPlay":false,"sceneViewState":{"showFog":true,"showMaterialUpdate":false,"showSkybox":true,"showFlares":true,"showImageEffects":true,"showParticleSystems":true},"in2DMode":false,"pivot":{"x":101.24292755126953,"y":-72.19957733154297,"z":106.0171890258789},"rotation":{"x":0.21857506036758424,"y":0.3549450933933258,"z":-0.08573325723409653,"w":0.904924750328064},"size":85.27865600585938,"orthographic":false}