{"cameraMode":{"drawMode":0,"name":"Shaded","section":"Shading Mode"},"sceneLighting":false,"audioPlay":false,"sceneViewState":{"showFog":true,"showMaterialUpdate":false,"showSkybox":true,"showFlares":true,"showImageEffects":true,"showParticleSystems":true},"in2DMode":false,"pivot":{"x":1.4203057289123536,"y":2.020350217819214,"z":-3.7279515266418459},"rotation":{"x":-0.19623948633670808,"y":0.3111816942691803,"z":-0.06585328280925751,"w":-0.9275445342063904},"size":1.1509640216827393,"orthographic":false}