{"cameraMode":{"drawMode":0,"name":"Shaded","section":"Shading Mode"},"sceneLighting":false,"audioPlay":false,"sceneViewState":{"showFog":true,"showMaterialUpdate":false,"showSkybox":true,"showFlares":true,"showImageEffects":true,"showParticleSystems":true},"in2DMode":false,"pivot":{"x":-1.2174164056777955,"y":0.06872574985027313,"z":4.98560094833374},"rotation":{"x":-0.06155441701412201,"y":0.08372572809457779,"z":-0.005172019824385643,"w":-0.994597315788269},"size":2.23063325881958,"orthographic":false}