{"cameraMode":{"drawMode":0,"name":"Shaded","section":"Shading Mode"},"sceneLighting":false,"audioPlay":false,"sceneViewState":{"showFog":true,"showMaterialUpdate":false,"showSkybox":true,"showFlares":true,"showImageEffects":true,"showParticleSystems":true},"in2DMode":false,"pivot":{"x":-0.5456271171569824,"y":0.6327905654907227,"z":11.94650650024414},"rotation":{"x":0.03805121034383774,"y":0.9460665583610535,"z":-0.2982596755027771,"w":0.1207001730799675},"size":4.13133430480957,"orthographic":false}