{"cameraMode":{"drawMode":0,"name":"Shaded","section":"Shading Mode"},"sceneLighting":false,"audioPlay":false,"sceneViewState":{"showFog":true,"showMaterialUpdate":false,"showSkybox":true,"showFlares":true,"showImageEffects":true,"showParticleSystems":true},"in2DMode":false,"pivot":{"x":-6.262941360473633,"y":-1.8827943801879883,"z":12.283002853393555},"rotation":{"x":0.03805121034383774,"y":0.9460665583610535,"z":-0.2982596755027771,"w":0.1207001730799675},"size":12.68242073059082,"orthographic":false}