{"cameraMode":{"drawMode":0,"name":"Shaded","section":"Shading Mode"},"sceneLighting":false,"audioPlay":false,"sceneViewState":{"showFog":true,"showMaterialUpdate":false,"showSkybox":true,"showFlares":true,"showImageEffects":true,"showParticleSystems":true},"in2DMode":false,"pivot":{"x":-1.316251277923584,"y":1.605122685432434,"z":-1.2345705032348633},"rotation":{"x":0.16221940517425538,"y":-0.15471962094306947,"z":0.025762932375073434,"w":0.9742097854614258},"size":6.074103355407715,"orthographic":false}