{"cameraMode":{"drawMode":0,"name":"Shaded","section":"Shading Mode"},"sceneLighting":false,"audioPlay":false,"sceneViewState":{"showFog":true,"showMaterialUpdate":false,"showSkybox":false,"showFlares":true,"showImageEffects":true,"showParticleSystems":true},"in2DMode":false,"pivot":{"x":1.3999996185302735,"y":249.89999389648438,"z":525.1199951171875},"rotation":{"x":0.0661996603012085,"y":0.8575060367584229,"z":-0.11410653591156006,"w":0.4973451793193817},"size":17.81517791748047,"orthographic":false}