{"cameraMode":{"drawMode":0,"name":"Shaded","section":"Shading Mode"},"sceneLighting":false,"audioPlay":false,"sceneViewState":{"showFog":true,"showMaterialUpdate":false,"showSkybox":false,"showFlares":true,"showImageEffects":true,"showParticleSystems":true},"in2DMode":false,"pivot":{"x":2.5813052654266359,"y":1.077346682548523,"z":1.0907846689224244},"rotation":{"x":-0.183802992105484,"y":0.12201464921236038,"z":-0.022995686158537866,"w":-0.9751042723655701},"size":2.0685369968414308,"orthographic":false}