{"cameraMode":{"drawMode":0,"name":"Shaded","section":"Shading Mode"},"sceneLighting":false,"audioPlay":false,"sceneViewState":{"showFog":true,"showMaterialUpdate":false,"showSkybox":true,"showFlares":true,"showImageEffects":true,"showParticleSystems":true},"in2DMode":false,"pivot":{"x":0.5472825169563294,"y":5.450297832489014,"z":11.56974983215332},"rotation":{"x":0.0012230091961100698,"y":-0.9746619462966919,"z":0.2236916422843933,"w":0.005257469601929188},"size":10.682907104492188,"orthographic":true}