{"cameraMode":{"drawMode":0,"name":"Shaded","section":"Shading Mode"},"sceneLighting":false,"audioPlay":false,"sceneViewState":{"showFog":true,"showMaterialUpdate":false,"showSkybox":true,"showFlares":true,"showImageEffects":true,"showParticleSystems":true},"in2DMode":false,"pivot":{"x":4.107615947723389,"y":2.0189497470855715,"z":20.05624008178711},"rotation":{"x":0.008394076488912106,"y":0.03629649057984352,"z":0.00030836023506708443,"w":-0.9993139505386353},"size":2.0475590229034426,"orthographic":false}