{"cameraMode":{"drawMode":0,"name":"Shaded","section":"Shading Mode"},"sceneLighting":false,"audioPlay":false,"sceneViewState":{"showFog":true,"showMaterialUpdate":false,"showSkybox":false,"showFlares":true,"showImageEffects":true,"showParticleSystems":true},"in2DMode":false,"pivot":{"x":0.0003057718276977539,"y":0.7842187285423279,"z":0.0006593614816665649},"rotation":{"x":-0.19623948633670808,"y":0.3111816942691803,"z":-0.06585328280925751,"w":-0.9275445342063904},"size":1.1510974168777466,"orthographic":false}