{"cameraMode":{"drawMode":0,"name":"Shaded","section":"Shading Mode"},"sceneLighting":false,"audioPlay":false,"sceneViewState":{"showFog":true,"showMaterialUpdate":false,"showSkybox":true,"showFlares":true,"showImageEffects":true,"showParticleSystems":true},"in2DMode":false,"pivot":{"x":0.2682383358478546,"y":0.9500536918640137,"z":2.664088487625122},"rotation":{"x":-0.021597761660814287,"y":0.9255278706550598,"z":-0.05337391793727875,"w":-0.37430575489997866},"size":-0.06988263130187988,"orthographic":false}