{"cameraMode":{"drawMode":0,"name":"Shaded","section":"Shading Mode"},"sceneLighting":false,"audioPlay":false,"sceneViewState":{"showFog":true,"showMaterialUpdate":false,"showSkybox":false,"showFlares":true,"showImageEffects":true,"showParticleSystems":true},"in2DMode":false,"pivot":{"x":3.917300224304199,"y":1.0374865531921387,"z":-3.96541166305542},"rotation":{"x":0.018186993896961213,"y":0.8919257521629334,"z":-0.03618590533733368,"w":0.45042693614959719},"size":4.565099716186523,"orthographic":false}