{"cameraMode":{"drawMode":0,"name":"Shaded","section":"Shading Mode"},"sceneLighting":false,"audioPlay":false,"sceneViewState":{"showFog":true,"showMaterialUpdate":false,"showSkybox":true,"showFlares":true,"showImageEffects":true,"showParticleSystems":true},"in2DMode":false,"pivot":{"x":-0.9505785703659058,"y":0.025179432705044748,"z":-0.39633944630622866},"rotation":{"x":0.07772742956876755,"y":-0.07022758573293686,"z":0.005488845519721508,"w":0.9944838881492615},"size":0.9229981303215027,"orthographic":false}