{"cameraMode":{"drawMode":0,"name":"Shaded","section":"Shading Mode"},"sceneLighting":false,"audioPlay":false,"sceneViewState":{"showFog":true,"showMaterialUpdate":false,"showSkybox":true,"showFlares":true,"showImageEffects":true,"showParticleSystems":true},"in2DMode":false,"pivot":{"x":-5.781094551086426,"y":2.0971477031707765,"z":-4.7224555015563969},"rotation":{"x":0.11364026367664337,"y":-0.6633185744285584,"z":0.10289805382490158,"w":0.7324793338775635},"size":2.2633886337280275,"orthographic":false}